{"_wandb":{"runtime":134},"train loss":1.0788211822509766,"step":56,"epoch":1,"_timestamp":1.7393391496172626e+09,"_runtime":67.7785366,"_step":55}