{"_timestamp":1.7393388897561617e+09,"_wandb":{"runtime":132},"_runtime":66.2236733,"_step":55,"train loss":1.0364007949829102,"step":56,"epoch":1}