{"step":56,"epoch":1,"_timestamp":1.7393401357525547e+09,"_runtime":37.4597385,"_wandb":{"runtime":38},"_step":55,"train loss":1.1177585124969482}