{"epoch":1,"_timestamp":1.7393399088302827e+09,"_runtime":37.3818731,"_step":55,"_wandb":{"runtime":38},"train loss":1.0758126974105835,"step":56}