{"_timestamp":1.7393394856770306e+09,"_runtime":36.8069309,"_step":55,"_wandb":{"runtime":37},"train loss":0.8469893932342529,"step":56,"epoch":1}