{"epoch":1,"_timestamp":1.7393556889867392e+09,"_runtime":70.2236182,"_wandb":{"runtime":139},"_step":55,"train loss":0.5084683895111084,"step":56}