{"step":56,"epoch":1,"_timestamp":1.739356723491657e+09,"_runtime":69.5068139,"_step":55,"train loss":0.5350359678268433,"_wandb":{"runtime":138}}